Datetime,Water Level (m)
2025-11-07 18:00:00,0.7516975
2025-11-07 19:00:00,1.1423674
2025-11-07 20:00:00,1.2619725
2025-11-07 21:00:00,1.0129998
2025-11-07 22:00:00,0.64077365
2025-11-07 23:00:00,0.28876132
2025-11-08 00:00:00,-0.00022239264
2025-11-08 01:00:00,-0.2513034
2025-11-08 02:00:00,-0.47469303
2025-11-08 03:00:00,-0.6570083
2025-11-08 04:00:00,-0.6971008
2025-11-08 05:00:00,-0.24078545
2025-11-08 06:00:00,0.29282856
2025-11-08 07:00:00,0.6739065
2025-11-08 08:00:00,0.82739866
2025-11-08 09:00:00,0.67941135
2025-11-08 10:00:00,0.35419574
2025-11-08 11:00:00,0.041676633
2025-11-08 12:00:00,-0.2163141
2025-11-08 13:00:00,-0.4424756
2025-11-08 14:00:00,-0.63936675
2025-11-08 15:00:00,-0.7945433
2025-11-08 16:00:00,-0.7740727
2025-11-08 17:00:00,-0.3148658
2025-11-08 18:00:00,0.2634385
2025-11-08 19:00:00,0.76202595
2025-11-08 20:00:00,1.0951989
2025-11-08 21:00:00,1.1272013
2025-11-08 22:00:00,0.850914
2025-11-08 23:00:00,0.4872522
2025-11-09 00:00:00,0.16413757
2025-11-09 01:00:00,-0.097599186
2025-11-09 02:00:00,-0.3305981
2025-11-09 03:00:00,-0.5299209
2025-11-09 04:00:00,-0.6746675
2025-11-09 05:00:00,-0.5485875
2025-11-09 06:00:00,-0.0887444
2025-11-09 07:00:00,0.3353203
2025-11-09 08:00:00,0.61215687
2025-11-09 09:00:00,0.6858851
2025-11-09 10:00:00,0.5179585
2025-11-09 11:00:00,0.22302833
2025-11-09 12:00:00,-0.047498792
2025-11-09 13:00:00,-0.27710935
2025-11-09 14:00:00,-0.483796
2025-11-09 15:00:00,-0.6561426
2025-11-09 16:00:00,-0.76801753
2025-11-09 17:00:00,-0.5679343
2025-11-09 18:00:00,-0.073112614
2025-11-09 19:00:00,0.4312462
2025-11-09 20:00:00,0.832834
2025-11-09 21:00:00,1.0442312
2025-11-09 22:00:00,0.9743455
2025-11-09 23:00:00,0.68800396
2025-11-10 00:00:00,0.360115
2025-11-10 01:00:00,0.07896954
2025-11-10 02:00:00,-0.15414277
2025-11-10 03:00:00,-0.35939404
2025-11-10 04:00:00,-0.52841103
2025-11-10 05:00:00,-0.62931013
2025-11-10 06:00:00,-0.448328
2025-11-10 07:00:00,-0.043754585
2025-11-10 08:00:00,0.29438838
2025-11-10 09:00:00,0.50003636
2025-11-10 10:00:00,0.54484177
2025-11-10 11:00:00,0.38666412
2025-11-10 12:00:00,0.12796275
2025-11-10 13:00:00,-0.10954582
2025-11-10 14:00:00,-0.31467554
2025-11-10 15:00:00,-0.49279162
2025-11-10 16:00:00,-0.63214445
2025-11-10 17:00:00,-0.6718603
2025-11-10 18:00:00,-0.38178974
2025-11-10 19:00:00,0.05617154
2025-11-10 20:00:00,0.4469841
2025-11-10 21:00:00,0.7352628
2025-11-10 22:00:00,0.86908853
2025-11-10 23:00:00,0.76581687
2025-11-11 00:00:00,0.5102499
2025-11-11 01:00:00,0.22699697
2025-11-11 02:00:00,-0.013651596
2025-11-11 03:00:00,-0.21640967
2025-11-11 04:00:00,-0.39310402
2025-11-11 05:00:00,-0.5343873
2025-11-11 06:00:00,-0.59599864
2025-11-11 07:00:00,-0.4093445
2025-11-11 08:00:00,-0.066726066
2025-11-11 09:00:00,0.22029611
2025-11-11 10:00:00,0.36233753
2025-11-11 11:00:00,0.40598097
2025-11-11 12:00:00,0.29094097
2025-11-11 13:00:00,0.077761434
2025-11-11 14:00:00,-0.13139237
2025-11-11 15:00:00,-0.31375095
2025-11-11 16:00:00,-0.4652182
2025-11-11 17:00:00,-0.5701205
2025-11-11 18:00:00,-0.55432016
2025-11-11 19:00:00,-0.27961788
2025-11-11 20:00:00,0.08129794
2025-11-11 21:00:00,0.38074654
2025-11-11 22:00:00,0.5878774
2025-11-11 23:00:00,0.6743876
2025-11-12 00:00:00,0.5852916
2025-11-12 01:00:00,0.38218072
2025-11-12 02:00:00,0.14598636
2025-11-12 03:00:00,-0.06333391
2025-11-12 04:00:00,-0.24173664
2025-11-12 05:00:00,-0.39493802
2025-11-12 06:00:00,-0.51533943
2025-11-12 07:00:00,-0.5661431
2025-11-12 08:00:00,-0.43275177
2025-11-12 09:00:00,-0.14476229
2025-11-12 10:00:00,0.1170327
2025-11-12 11:00:00,0.25217488
2025-11-12 12:00:00,0.31751707
2025-11-12 13:00:00,0.28396502
2025-11-12 14:00:00,0.13203119
2025-11-12 15:00:00,-0.05493679
2025-11-12 16:00:00,-0.22360034
2025-11-12 17:00:00,-0.36547303
2025-11-12 18:00:00,-0.4609574
2025-11-12 19:00:00,-0.4708133
2025-11-12 20:00:00,-0.28955323
2025-11-12 21:00:00,0.007621763
2025-11-12 22:00:00,0.28263405
2025-11-12 23:00:00,0.47257236
2025-11-13 00:00:00,0.5418642
2025-11-13 01:00:00,0.4850868
2025-11-13 02:00:00,0.3324253
2025-11-13 03:00:00,0.13603354
2025-11-13 04:00:00,-0.057043005
2025-11-13 05:00:00,-0.23006822
2025-11-13 06:00:00,-0.38023186
2025-11-13 07:00:00,-0.49945056
2025-11-13 08:00:00,-0.56898916
2025-11-13 09:00:00,-0.4997991
2025-11-13 10:00:00,-0.22967483
2025-11-13 11:00:00,0.07150878
2025-11-13 12:00:00,0.26015738
2025-11-13 13:00:00,0.36578962
2025-11-13 14:00:00,0.38236764
2025-11-13 15:00:00,0.26647443
2025-11-13 16:00:00,0.08029705
2025-11-13 17:00:00,-0.10494817
2025-11-13 18:00:00,-0.2574859
